{"cameraMode":{"drawMode":0,"name":"Shaded","section":"Shading Mode"},"sceneLighting":false,"audioPlay":false,"sceneViewState":{"m_AlwaysRefresh":false,"showFog":true,"showSkybox":false,"showFlares":true,"showImageEffects":true,"showParticleSystems":true,"showVisualEffectGraphs":true,"m_FxEnabled":true},"in2DMode":false,"pivot":{"x":-0.45485419034957888,"y":1.0984382629394532,"z":0.30147862434387209},"rotation":{"x":-0.07510902732610703,"y":-0.20434704422950746,"z":0.015728957951068879,"w":-0.9759181141853333},"size":1.1445523500442505,"orthographic":false}