{"cameraMode":{"drawMode":0,"name":"Shaded","section":"Shading Mode"},"sceneLighting":true,"audioPlay":false,"sceneViewState":{"m_AlwaysRefresh":false,"showFog":true,"showSkybox":true,"showFlares":true,"showImageEffects":true,"showParticleSystems":true,"showVisualEffectGraphs":true,"m_FxEnabled":true},"in2DMode":false,"pivot":{"x":-0.5359938740730286,"y":4.462982177734375,"z":17.61062240600586},"rotation":{"x":0.0731179416179657,"y":0.014059499837458134,"z":0.00103147909976542,"w":-0.9972308278083801},"size":9.495397567749024,"orthographic":false}