{"cameraMode":{"drawMode":0,"name":"Shaded","section":"Shading Mode"},"sceneLighting":true,"audioPlay":false,"sceneViewState":{"m_AlwaysRefresh":false,"showFog":true,"showSkybox":true,"showFlares":true,"showImageEffects":true,"showParticleSystems":true,"showVisualEffectGraphs":true,"m_FxEnabled":true},"in2DMode":false,"pivot":{"x":-9.813777923583985,"y":-3.3039908409118654,"z":-2.4057538509368898},"rotation":{"x":0.05509112775325775,"y":-0.5756469368934631,"z":0.03891492262482643,"w":0.8149173855781555},"size":1.2247480154037476,"orthographic":false}