{"cameraMode":{"drawMode":0,"name":"Shaded","section":"Shading Mode"},"sceneLighting":true,"audioPlay":false,"sceneViewState":{"m_AlwaysRefresh":false,"showFog":true,"showSkybox":true,"showFlares":true,"showImageEffects":true,"showParticleSystems":true,"showVisualEffectGraphs":true,"m_FxEnabled":true},"in2DMode":false,"pivot":{"x":-21.480995178222658,"y":11.345840454101563,"z":-47.35697555541992},"rotation":{"x":0.014515569433569909,"y":0.7971110939979553,"z":0.019110528752207757,"w":-0.6034419536590576},"size":12.287781715393067,"orthographic":false}