{"cameraMode":{"drawMode":0,"name":"Shaded","section":"Shading Mode"},"sceneLighting":true,"audioPlay":false,"sceneViewState":{"m_AlwaysRefresh":false,"showFog":true,"showSkybox":true,"showFlares":true,"showImageEffects":true,"showParticleSystems":true,"showVisualEffectGraphs":true,"m_FxEnabled":true},"in2DMode":false,"pivot":{"x":-10.105916976928711,"y":-3.2579169273376467,"z":-2.3791017532348635},"rotation":{"x":0.04844580963253975,"y":-0.3838185667991638,"z":0.02016846276819706,"w":0.9219211935997009},"size":1.2247480154037476,"orthographic":false}